dataset,reps,qaoa_makespan_mean,qaoa_makespan_std,qaoa_makespan_min,qaoa_makespan_max,qaoa_makespan_count,classical_makespan_mean,classical_makespan_first,relative_gap_pct_mean,relative_gap_pct_std,relative_gap_pct_min,relative_gap_pct_max,relative_gap_pct_count,qaoa_energy_mean,qaoa_energy_std,qaoa_energy_min,qaoa_energy_count,qaoa_evaluations_mean,qaoa_makespan_ci_lower,qaoa_makespan_ci_upper,relative_gap_pct_ci_lower,relative_gap_pct_ci_upper
dataset_10.csv,2,64.0,0.0,64.0,64.0,11,53.0,53.0,20.754716981132077,0.0,20.754716981132077,20.754716981132077,11,-0.6352224654066172,0.5220134067348001,-1.4810673983134919,11,198.1818181818182,64.0,64.0,20.754716981132077,20.754716981132077
dataset_20.csv,3,187.36363636363637,1.0269106361049416,186.0,189.0,11,141.0,141.0,32.88201160541586,0.7283054156772619,31.914893617021278,34.04255319148936,11,-1.1408416470488758,0.8385062422340439,-2.205802471482665,11,271.27272727272725,186.6737484111447,188.05352431612806,32.39272936960616,33.371293841225565
dataset_25.csv,3,206.0,1.3416407864998738,204.0,208.0,11,145.0,145.0,42.06896551724138,0.9252695079309481,40.689655172413794,43.44827586206897,11,-2.493510191150381,1.1339144731844233,-3.8248248382143357,11,275.27272727272725,205.09867345547374,206.90132654452626,41.44736100377499,42.69057003070777
